a266a2a9df,794
75efad62c1,468
34e51dba6a,727
4875705fb0,797
782ae9b7e7,677
aa94cfb806,754
50d3073821,810
b5e1371b3b,325
b45ad3932e,613
d4d34af4f7,114
302ea1ac81,470
40dcff68b3,707
7845115d01,343
3da729cae9,707
b3396387a6,407
a5471f53d8,659
d27831fef2,657
7faea04242,818
b9614348f4,429
4696bb53e6,438
fc250f574c,684
02117a400e,696
1ee0d5b4d0,307
fdc28cafdc,338
2bc8a3db3c,353
35fd991255,333
68a2df3195,555
9bf982cf65,716
36aa21019e,482
0b176124c4,744
eabe9337a9,540
c4f2799234,188
50290e75f9,658
06289f69f8,644
f328eccbf3,514
9f0ebbd210,492
dd5a90cf89,226
5b836d2444,810
1263576548,398
3f8a8f4715,456
75e041fbd8,668
58777a8c79,332
13209940d7,475
d0319f0ec5,380
9e9f3940a9,405
728890d8f8,548
127ef4105f,476
42758bb41a,259
4e6855dbae,500
3281bb7282,637
f1774ff8e8,670
95a60e2f42,558
e2421eee13,483
992572448c,262
7deaf30c4a,365
28553d5d42,313
b183b2ddc4,347
495a2d3c7c,470
9f3b8d0186,469
05be75afd9,708
e4159ed1de,520
3ed6d1c7df,633
b221ece24b,529
400e66f34e,361
4b522e501e,311
7fadb8efe8,678
1d93614392,635
fd1be18f7d,460
670d9655d5,464
c72b546073,247
6a1783be17,392
b4f6d6f1aa,658
b525824dfc,628
e353ae4dd5,693
9ca84742ef,537
cae1a9f23f,643
5c7f310937,694
d26e890704,530
cd1b2e49f4,265
f712d8b870,279
47aba1e35c,530
535503063e,692
8320911258,290
ab18a0a7fa,547
40a571cf0f,445
a076699b79,410
f45dbe6541,436
3de0c773e1,324
340fe814a3,652
e030bdae65,630
da082ec985,487
737e6513c8,127
7e9e46174c,247
e92f67b3c7,301
b506085af9,146
cddb50fb4b,575
2a070f3dc6,716
54dd074cd7,738
9dcb043fa9,558
2f5377ea9d,845
db32e0961b,605
3634f29aac,672
c2e9f328e3,481
7d8b219e1c,668
057eae4f34,360
1c02222ef8,670
24a8ae9bb9,560
132e30cffd,790
dca83468d2,320
36e68393b6,586
53dab98a36,574
045c5516a2,515
0429d9759b,737
d8b2dc2e8a,659
962348be7a,660
8d141a0b7a,687
fd0d237b01,824
71d3bf0ea8,803
3edc3edf92,330
86c1109730,782
b5bdff9392,919
4702cdd4f0,350
baa743f4b4,438
ac412e6d55,555
483b35d589,691
4b2af55ae6,841
c450f9d7f4,637
40d96e8022,583
5ef096aeac,598
83bb4578eb,386
57e0cff707,289
8daa7e48d1,149
7504d73df8,462
78f17697f2,607
0fea4b5049,382
8c477d6abf,558
3cc59342bd,386
216aa6275d,637
8ddaea54ce,452
f456e3161d,584
b57e98a275,497
71438f26ec,947
d800abe6a4,709
a7b918d80e,290
f0c401b64b,625
c613a090a4,596
d765e53b37,844
c9da9c3d42,591
dfc8a378b7,820
f4e6928ad4,720
c901f669f8,511
89dfb7ba1d,547
6b996daecc,632
13037dfbb2,670
b74ecdfe20,377
c78c89577c,236
e2f397d206,262
e446b0b4b6,659
203f6117be,563
7e737a6cc6,557
106a222c7c,375
691dc0bc42,453
cc4344175e,677
e875c9a960,576
d7cf3bf4e9,465
ee5e9e4570,302
849881c690,701
d7398cfded,406
042c3d4e03,668
8c976149d0,648
9d173ec22a,599
d9fb5b47e2,176
a4e8ba21d1,461
2717821409,609
24f27c4087,821
5a3c38104c,876
299ba3cf34,715
82c340f4e5,474
4be85a3110,352
36f9ab3ee0,471
483372b203,421
0249c49180,402
cdc7d77e77,731
86866ba71d,230
690b1ce5f7,720
6ddd6a2ec1,455
f9b7196dfc,432
59ceec4f7c,600
16589f0702,705
a9ee40cf0d,438
19bd49e478,758
c83d9529bd,822
17d70fee5c,454
104ce199d8,484
0aab0afa9c,331
99d3fbf9f1,204
af71ca4ab3,302
0cf9c803b8,688
ecdd648857,574
7aef9898fa,535
05be526826,308
0eacc93ff3,394
ea3cdbd7cd,704
811ebdcc4b,678
1bf062bda2,921
2d20ee4eff,711
1804a4c064,713
16e308dbc3,313
3fd0ef2d38,660
e437c3912d,523
2af3c055b2,502
73a2f6fb22,642
9a672bfb51,642
99bf605daa,495
9ad32f3c66,481
055ec918b9,421
5ce554e890,313
3c9931bca2,706
d45b4f3b85,531
335474f8ec,610
f7e555a0aa,617
638d8572e9,336
268d39db25,631
3e1c11cfa8,613
cf706fb35a,682
e98557c9f3,492
082d2910a8,556
2ae425e5a3,340
52667992f8,378
9ce55dc2c9,786
bfb0e22b53,311
4f3368a855,682
8db5bf9be2,437
246d86ba32,488
9790f7880b,544
35bbf1302b,596
fd51e63c83,766
6ea5191e2a,591
f9a3d103d7,808
ea9dfe6f60,590
0280db420c,433
2af008d773,560
8bc707feee,520
3ed6168b22,542
27870bb184,425
ba1287cb48,566
9898ce93d6,410
44e3f20074,433
613fb95edf,616
e204511fd2,167
d308ec69d3,736
2ee6e81e4b,472
86f2fd7025,509
6a6b42a6f2,837
25143d7837,452
1495558064,495
f0e99e9761,550
e86361f5d1,541
5446a64ba5,498
71ef380e21,343
358b9acfb5,705
bea9b0571b,366
5bb48ef0ea,454
36ad52a2e8,544
e1ce826217,719
7e40cdf1f3,746
39a05bf91f,749
cb677fab7a,525
f87154ea7b,460
d2ea97ca4e,522
0aabdb423e,806
75fb579aa2,562
ca511bc319,600
7af84fef71,496
76e1428103,400
6e1bb2e64a,668
89097ab99b,671
a24080b4a0,316
38e018ea0f,721
3ca252f526,435
d82b80a555,617
851498c095,269
4766b51055,640
ca78405cea,403
40aaac97b1,551
9a6cf411ff,574
ed081aa065,687
8b44342fd9,948
91b91fd79b,274
d2c800e9f5,339
e53c2e8771,600
a8503e0dc8,755
1abf3d7f60,649
c37f7c51e9,586
aeba5383e4,352
63193879b4,127
2b76b47947,490
7796858a9b,442
4b3502ca99,402
2fd6d25adb,129
822043d604,748
044106f759,615
c701db91e2,359
caccd6708f,747
7f01757d4c,602
966fb0cdbb,427
7ede03dede,351
61b42f8f0e,339
f5a0acc480,352
c9c0097eff,595
816c9d6d5d,666
2e8bf3f7b3,687
d0cba16846,559
d30e73de0c,365
1f805e4733,536
526d63530a,345
46b7364b81,451
1af44a9db0,522
b45f9383e9,198
2fb152d905,499
b13f0dbc84,704
6d2a5a2fe2,242
ea2f1fa62f,532
c4b05c2eaa,498
9a4f625408,825
3ee87f1ea6,219
76c76f8056,621
9a1fbef3e3,631
2596227117,430
49fe2ee7ba,546
89e7c93d0c,301
6b377327b1,399
a446aa0ac8,834
33dfe8b243,588
b461a5b584,365
cb4f7abe67,183
5343d4837c,700
500683ce7e,830
37e16a5404,539
adf2a57778,702
bc5ee94de7,128
14152a6731,695
976eb05465,692
0df9f16bc9,847
e2e4fcf83e,798
ce0e9def63,710
13483cd62a,472
6d4fca6a35,443
12d09b9fa4,444
5fc8bb94aa,187
e0cfbbcb0c,733
11a14b9fcd,307
f4f0fd932e,301
7e58c5a1f6,398
7c6f76a267,369
5395202313,705
cd5c9532e4,630
bce104494c,870
904f3fc07a,792
abcc448c24,734
cc2da77c17,350
466030918d,411
7fc1ce1cb4,234
bd20d18369,513
c95d3f1510,610
23eb8cfbc0,799
8811181716,301
d0bbe4fd97,847
4d6121dae0,263
e61d42e6cf,365
75ad49564c,402
a9ebb78977,622
886c96ffb8,583
99aefa9443,516
04711cb760,721
16b2119ffa,558
066e0ce4c3,490
1aef65e24b,191
32273eef45,435
7db9b53d89,406
314db606fd,370
10b19bd1f8,353
7cc53fe88b,452
365abbdf77,651
a32a4a2256,506
deaa0ab2b8,570
2a00ecc904,417
12e859e91d,545
e045664b46,612
07ac7e530f,638
b9fe322e38,630
6ec6e26ddd,590
35ba6f2faf,596
d1f8ba2f02,378
9447159eb7,275
fe6e74532c,732
36db23ceb8,787
2a6477aee8,290
0c0f001366,390
7524d9b7bf,485
184356736e,592
3a3281b37d,387
99b602dde4,234
3c35e3ad94,807
393f2db0b0,359
1544a0e952,425
61bd2ee822,777
e560423302,585
4a7418a5e6,829
9fe6cf976f,661
9b29ca561d,349
e23a93a95e,505
97e2c6b5c5,698
db02a30bb8,348
ff1e8ed948,611
9e64fc57aa,516
590e6bdbef,660
3cb59a4fdc,603
b329b390e4,800
c0a37fef54,850
96857148ca,444
4cfee4b097,560
b24d3673e1,945
855f399924,454
6c45d80d1e,334
17dd87aefa,534
114d62da56,458
80694aa70f,476
7f826d312e,406
eaefc56247,455
fadd6aa446,283
323882f716,144
70c082d59e,248
db1eeaebb4,693
58ad72a266,245
190febf6cd,586
6a0f5a8b42,569
2c45b152f1,312
a1526d3c6e,200
fc1ca2fbc8,260
977f897477,530
b0d8f26ad8,762
f9ef613aec,836
964030c032,612
e8f3e42b14,679
d768234bb5,489
e8cf12563d,608
0ee8a744eb,531
6d9be2f492,727
66073ddce1,225
989ac5a9de,362
e7442307b1,835
b2c6b8cf57,477
f6e87c1458,128
299ef808f6,119
afd0b385f2,291
b749a000ea,84
2c3c64402e,804
27de423ad3,630
c230cf2a94,556
3f76f25042,707
ec50263c20,784
1d0c2fa004,611
f1d488759e,778
df8c73e52b,339
0bdd44d530,445
296de39be2,186
b112d9993c,483
d9cf4a6e42,773
90791c2417,577
68b593f903,500
65d05b81c6,325
d16591547d,578
ee94d2281f,717
8cf3a6a6f5,743
1f6afee5ca,379
3a33e1eb89,640
c2ca0ed857,597
80a458a2b6,94
231fc4e8e5,524
2a71003f75,436
7ed0489985,441
c58b6277c7,687
c0565001a3,572
443985b709,667
903180c447,759
1f1e11aee4,354
0937b1df3f,274
22e7cc183f,512
70b6a2347f,835
2fe186a2c6,533
8ce5996371,447
196cffdb4b,728
9bbb4c7c34,469
62f822b156,662
07a81dccdc,630
6bc4c91c27,655
86bc03a8a6,845
53de66df2a,464
13f448be07,647
d967181724,581
b942b38a45,802
ce14d335bf,309
9819277faa,307
572f0b1ad8,639
0589f557d7,523
9a6c280d8d,701
ffe228a7e3,585
6cb11aa807,512
52020f0fd4,367
a112a63d2d,688
52fdbf981f,616
5ebe9e404d,685
f85054273a,406
94c8aad517,332
3218afdc84,846
2a484baa26,669
113b017a91,581
f115ca6981,158
4c7e3c71e6,761
7242ab00b6,601
7ed79f8f56,789
7555f79a2c,223
6a89c7a85d,663
a568cc8273,626
45fb16d378,678
c387a012fc,478
1017084680,512
5f397e0074,798
fb58510ec6,754
7d9f0dacd0,641
12e94a5a08,566
a6ec5aa914,831
ff2c353279,729
268baf2d43,262
6fe2b681e4,230
7d0cea3489,407
2578042000,612
9b1f59b89c,380
934cd14205,555
e813f3d1bf,579
4b873df7a2,603
d3f2336daf,378
dde0ee264b,580
dfae9e48e8,783
cd69ee839f,444
9f224c71b1,605
ec406285e8,635
3f5adbdcc7,625
efd1625f2a,737
9bdfa54912,279
641d0227e7,638
db1aa8e608,348
0bca43f7ff,747
2c707479f9,533
3a310860a3,821
052de39787,649
74de17e9c0,569
c3a963f5e3,652
ee0be71990,194
c756ff4e1f,566
d5023a3662,444
2ce9c36a98,613
09b9330300,842
578b502c6d,578
a6f4e0f8b5,621
89af21b6ee,513
c073b8930c,583
976fcded4d,377
802df9bb5e,535
8b5d38c547,574
d991b7a689,525
3792be0845,443
1bfe4907c1,194
f992390442,651
4e5d643b2f,354
a37249665e,89
db840e1e22,493
62e608259a,109
2bf5343f03,545
1ff0aa7f05,585
8367b54eac,615
6b2f79f6ff,539
95f6e2b2d1,141
725d92524a,678
09152018c4,916
7a2cca4fe5,764
8e2e3afdb5,572
e476b868ef,677
7c6a2df039,784
618f843c7a,617
e7c54b5f4e,541
d6379c1f18,661
1af9e4bbd8,415
590e32af63,631
212ba67b51,279
5489419bef,806
06a361fc57,491
6c95018d5c,630
60d3607be2,426
b3ad13d9e9,131
b8f92fbe45,356
89dc091930,640
6b4d65ac6a,770
f870e41e88,426
3a58606814,501
49d061af38,838
6cc7ba6c56,888
cb974e60ca,481
645abba5ec,284
0a0814464f,665
d2bd2fe97f,761
e3cded005d,662
4d04dcd959,537
26ec6ef9df,148
da5ab3d506,83
324eb2ec65,542
3ced3ed63e,298
c0ef23e386,686
4e86258646,333
45b5f91d83,582
30d4fb116b,719
b76b065012,690
ac5f676fa3,637
a1585a58b8,706
4085f8522d,572
34bd0facd2,490
1c8f6881ac,288
999ae650f6,672
cb9d520cf9,589
5c70da6c2d,327
be18a24c49,314
de08c5a3b7,335
97970b5e2c,235
dbcfdf17a3,328
458a05615e,312
331ec135dd,474
30787ad7df,373
c10ff1398a,686
af84304233,261
7a0c8915be,716
116bd22fd0,678
804fcfaf4b,338
321f21e02f,516
2edf2e3e05,439
ec3130dd0b,622
21ec084221,128
1afddc8196,410
98870eab9e,390
a0b1d96545,622
72e1a1b225,327
b6f907680a,108
d8fca64ebf,499
3276e900a7,420
e12cf83477,742
543acdb5f7,594
2ff32a1188,358
7d48474434,577
23afbccfb5,338
0c6ec35477,445
3fe0ac38f0,385
ae11c7b131,724
3b05fe7a3f,639
73a4c6a4bb,518
7cf386709a,713
fe4f6ff284,857
aebff18bf9,433
0d9adabb2c,665
3dbbc237c5,818
f3220c3590,497
27c035c5ae,489
954502fb12,314
95d3841a53,746
81c1149163,646
1ad819c49a,943
8a4671cb47,568
b172bd2032,398
44f2ea3584,228
ef753a06c7,614
653c7e9f6c,642
f43f1e7456,776
25bbbcd4a4,826
aa9eb3a110,359
1abe5e8a3d,746
d5a283c553,397
44edd661a0,481
dccd2d9d48,340
0cc1d0e4c4,348
fb5adc8df0,553
b12a5a2b61,475
fd998a993b,466
bb9af788f8,642
b3b37c152d,351
48db3b8c5f,712
b839f805f9,453
9494906f54,553
58de316918,901
956c91fe94,679
f87365827d,827
ace37eaaf9,814
f70f3b7b95,202
62aad7556c,926
843e8ec44e,351
1b8d100712,528
f7b1bd7c8a,323
d453812357,483
29a1b18e79,378
38673ade97,478
8db9dc4a62,650
28ad4e60c5,634
51179a1815,377
8cb6f8581b,188
9fdb6afc56,304
42a3baf571,277
08173ef66c,391
a89d1999ec,260
58f752db3b,417
8174aba668,584
494daad56b,774
75eaea4cdb,347
3d0acb5c90,393
0c02f95a08,681
8ebceef687,321
7588e9645a,311
b1dc23a427,432
ebff5f719e,667
48a18f5386,638
83be4b6836,849
8b0d16466b,625
4541761ba4,614
d83a74a082,596
71a5b1da57,339
07e08eee37,333
fc944f4e1f,570
fdb7d132be,634
1ee82dabee,514
9086ac3a68,485
6b5b7c0ff3,739
7bf203a987,412
24522ec665,298
691fec8ce2,434
78b2d05419,613
9667824566,557
f0b5a05a6e,356
69013a70ab,473
8e48de3b3b,458
c9ffc53f25,620
5d0a9c5b0e,482
62df3565cd,488
ceb69201df,549
47bd268dcd,347
572cb220d2,635
d58653f803,701
c2973c16f1,869
212f074587,444
96523f824a,752
9d98768f19,791
6ab003835b,659
d35af24206,782
53eb356632,781
7d0b2f2046,489
b1f0e104f5,473
d1f7d2876b,561
b9afd7b728,658
63e32c0cfb,339
c038f6fbe4,735
74d7a9df8b,234
c9a2990f76,530
440534c8dd,184
e6a78e36b5,441
b97918ac08,900
a8e5845bf9,663
1c37e37fbf,337
7aebdeb9a7,281
939879034e,620
ad6e3961d4,519
b1e590d1c9,774
568d119e66,365
a41357f553,781
2af240d261,425
52914952d6,438
6153c227de,550
8270908d6a,475
cffbfab33b,755
14dcf18fb6,599
665e84dc42,273
5f3b26ac68,775
bb8c452bb6,443
e9909298a9,708
8c9a0ea088,541
f641699848,552
93f8f9e663,471
0a1742c740,282
651b2c01bc,496
3822f73c1c,551
5cf1f1e7f0,282
0fd38464c3,364
fd4741392b,702
1267729ffd,663
70c8e14243,544
a1e32a6815,549
41a4f7424e,371
a60daba969,725
c7408f1d38,548
465486e6ec,346
236a5cc090,676
31ca053bec,355
4a5595076f,531
638e7a825e,552
384d50db49,656
0c62ed4494,647
4c4556fff0,695
42d64f2d78,631
dab1d67df7,674
81e9af5ee2,814
5b8dc086ff,593
5fd2a3ef64,771
fa59461848,615
b51c130238,552
6c4568e51c,364
973a4f6dad,712
7d5c34a95a,492
1f7e3eef06,637
5be9925bca,642
23b7bf14c5,548
31b1314c62,330
346358e652,649
0280deb8ae,363
8adaa82868,539
e51bea30d0,454
a6c2605919,520
d9a52dc263,609
2b30313d2c,461
50b3aef4c4,116
019afb4b4e,685
930183efe5,489
1379940546,511
cd5cd074f1,378
9bd58061d6,614
da689f1bca,480
77abc5ed21,884
4db68c7d25,792
18ac660fbb,407
f5ffe74512,600
b8dea42e1a,659
26808abb2d,310
9c4c524983,423
66fed16154,114
56ced19ad6,192
2556c23489,655
3da64841d8,532
eec46ec66b,204
d71ca6d32c,351
db75c6831e,525
38232d1fe3,399
657f2c34f7,465
4a27de03fc,238
8d89d465fc,529
0ddcd3fd1a,112
a4442fef48,483
351ea99ec3,415
60dccbc52f,158
6dea52e54d,352
96f26f6397,626
31d35c7c1d,494
f06ef6c8b7,320
e5a6b92463,444
d1c9be7e25,437
76761b2a41,548
b937f4558c,824
642c62a158,807
558b11d1b8,435
b9fcc34ef3,567
fd949b5ab7,503
de7af15747,810
cd6ed7690d,281
9bf8f84094,506
71d7482240,601
669cb42011,559
47048ac10a,630
7d963e0f5d,551
dce4c70a99,615
92895cb54f,500
a2a9c0c00a,796
e880e84886,661
39cd06da7d,531
1cc428e57e,559
f429b8e6f8,266
52ac7bb4c1,400
4d58e8d8ff,251
7c0b76979f,117
b60fbb288b,373
ba6970504c,535
d4d2ed6bd2,330
60698e8fd2,266
5fd411e302,328
0115703825,781
18590f686a,596
3e8b5729dc,462
185172060e,699
a898892737,620
c38e2a42e3,618
c8d70d9c3d,544
778a92f420,476
ed6f9dfa22,659
2b2fc71ee1,251
8d73c4f678,928
cbe33c57c4,579
0ba541766e,701
4b44c94892,771
4c89e94e36,629
b6e57d954e,227
73c6a1ede1,441
7d14f8cfe3,469
5b435fad9d,503
a71bdf1af7,388
5d6126f459,623
ad16edc8be,509
be7014887d,715
e6f86c83e2,584
a9b7fa7e0d,595
ff038e87b1,428
306e6e7743,508
c20c019650,349
f503aaf699,650
e0751c41fd,582
21df07989f,740
4d9fa2d97f,544
cbed0283ff,548
0558ee87d3,796
4520536c03,402
1b2c817dd0,819
abb1521de8,638
9258e48804,647
3e84576386,349
41e173a1e5,560
f75842e215,453
7b0c7e28f0,833
30ff4f38cf,452
216e2a7492,429
2a16af2ae7,697
7469baeb8d,512
64bfdd0b9a,600
543f5887a2,491
e4be64c1fb,425
069035a9b5,514
bb455284f1,550
4743e3bf8d,484
98c6496076,432
a1fe3de7bb,355
efbfde4930,649
8e9f2b9b61,333
5f45291a7a,694
a5805697c1,340
b0a7056a04,512
ac6055e7ce,247
dfe230b677,483
73a3712fcd,570
0adb490de5,521
7f0bdb5e31,451
c23d957c59,483
46bbe12b2c,462
ceef85bdc0,520
fde2b51fb2,466
ccc41663c6,713
1e2bad4d81,752
c4f5a0fa36,858
ee48914076,585
dd6a04d456,446
f2f0278d02,737
155bcd4b4d,712
32062fff08,367
a00d2b180c,584
e172f09faa,427
1d798aa5d5,401
f234066134,680
e335542c17,505
d859ee2145,691
617c746fca,285
792929a4c8,251
e12aab98e6,353
eec5e72dad,846
8620f40403,383
59944f0f92,522
9cf8fe7f96,608
2f35ac4b87,689
da02c9184d,810
7b078e7517,373
9a3abd0ba6,743
bd526ca9af,797
b10fa280bf,291
5b2282b51e,577
f62410bce9,512
49a90688bf,263
d175b3b3cc,491
5bffe3b52f,804
65a55b69b7,875
e11123ab8b,548
566ac48e00,137
3ec30a713c,831
c092a99d23,481
10f3d01ddb,449
d7f48d294e,629
fba32825cd,722
46386ca4a3,695
0304e9ac37,436
36a6901cae,577
5fa536d1fd,470
bebf415bd1,232
b33d57c4be,785
10f24c23af,323
62d30854d7,427
e1323691be,713
848c9d1a6a,590
b012e9ebb0,601
c60eaa0c75,402
18b26e968c,591
be1c8cbf1f,621
94c2d96e56,172
343b0359b5,845
a33e7de189,798
8693030eb3,618
cadb46b378,769
c202c25557,503
6d9b6a2c4b,800
f425a67987,554
3ee1cfb6a6,146
18ea3802ca,432
9358b1fa7a,439
aedad85e8c,392
b966734278,501
a7f4b8d36e,611
3c30b8e27b,565
4edadcf4c4,391
6ebb6826bd,475
77acb619e7,563
217a70a0cb,377
a970e82aac,492
4c7f2b2c18,516
128f3b0e36,621
abfed46705,695
7c7125fd12,373
3b4be071a8,343
e45c509f80,339
87725b728a,444
6e1444d88d,564
c353af5098,757
1d4e60eafa,471
ec817961a2,661
6f78817a2d,485
33887a0ae7,723
9a9ff1beca,147
1b61e02423,548
1a2918c9b4,372
aa1c0ba47b,477
70ca8ebf7b,702
0a19821a16,360
d3be640ed4,359
0f6e788cdd,678
cbeab7807d,573
0cc5805a92,353
c9142b341c,273
d998a07370,655
5991bd3f1b,688
3406ef6042,491
5a6f57c150,210
4161f35a4f,522
b4e8386ff1,593
290e9d9748,784
41cfd4b320,461
6fe4017680,539
c27409a765,766
8b11113861,380
0f5ada4dc3,700
130229ec15,530
e7f63a219f,629
e865014246,461
25e519b494,788
7633c6bb70,455
92107f9559,399
2d64b6a8cf,438
a0f050600e,394
15d079a8e8,459
7f0825a2f0,136
1eaf42beee,802
5c33b65396,484
2380664922,390
72544ea5b6,360
6d17d3be2d,516
f34ae8f3d4,576
a962f4c9b6,625
5b7c160d0d,400
9a4db0d7aa,802
f3356c9ee4,595
09f0f1f414,392
0cc3c31d1a,235
e73ed6e7f2,887
db0bc63d60,639
4989c6509e,735
ac03463615,548
b9ebcbc115,460
8431a87cff,635
59092e355d,442
699608ddb7,338
876e6423e6,882
40e8e14e60,723
d2e44953e6,478
bd7b74689d,271
babbac4cf9,397
0ce8a6ae62,308
f807851f5a,251
254efd9043,585
0532916483,307
bcd1e64c58,470
ea6f13458b,523
452b06b003,681
760ca73d1f,497
871be86f43,552
c58124fdc4,390
8daf098aa9,594
ab6dfe07be,457
d19827b32b,518
a633b127fc,781
bc811e2c1f,763
f6c784904d,639
e0b778dacd,548
2e035505d6,436
697fee88c5,464
fb3392fee0,261
5575337f66,445
d3d19422ca,544
ac64f9de3c,758
dce6361f2a,415
432b8b6a71,642
04c48c9743,394
0c19639aeb,677
3fd616ef00,472
ea5dd02892,755
92c25915f1,484
479cb24efb,343
f0efea3879,679
2903f6a1db,520
60584b31d8,227
f11f8eab00,603
70db04a203,776
89562d9f7d,355
39f101a807,676
84bd944c62,242
ba836c5ae1,744
b2f87059da,420
fbf5c91d9e,690
fc6e9d0385,232
e0f030eb66,407
4b0c5aad63,831
a854446118,655
a52d7a6cd8,654
31b7874f49,397
a3605816c1,628
2424f4afc7,527
776bdf9043,644
c37e74bffc,705
bb6683a533,626
b35b1b412b,737
bc7e49ee18,746
fff987cdb3,332
a05da102a2,503
94b4f44698,526
4bc87727b5,305
5b28c5ba50,610
f839d20b06,325
05f09b380c,660
3c7e2d60a7,817
f5c2e66754,790
a0c156a4c9,562
7f1d5f223c,596
ebe64e1d15,807
91ea3f1227,366
ae61c09508,250
9267f6cf9c,341
6698a570b8,397
d433300064,842
7de95e0115,367
734df57cdf,291
4c8132dc73,733
884cd7af00,346
0b45bde756,92
7f99abfc11,761
f2d2fefde3,692
628f1de539,435
56ac0f17be,531
4f5df40ab2,514
ee3b4b8c91,586
a07c1fd090,343
bfbea83faa,227
29b5ee6cf5,518
e927f91b12,698
961b1310e9,837
38a15dee44,717
ffce5bbb9a,457
fe801cdc47,706
3391f0befc,723
563191e71a,575
72e05a5a33,486
967d30a3fd,574
3228f203a3,590
a849a4e373,480
0ebe3ee1ad,700
56b5540fd7,695
0951f85203,737
8063c65b57,520
d65973824b,736
e34c1220b1,946
7d52a376a7,444
cab2f6614c,635
71a31f4356,565
abd1e3e008,478
af7e9d7648,555
b3f6affa39,309
f7380099f6,796
be6cf5cf86,587
d25a2d736a,517
bdb45f92c7,193
2226df3ca1,745
1790f3520c,756
2ebe2eba03,423
c92c37ecd7,694
b014624db2,610
94b3a9ed9c,831
f64190c47e,670
438b4cc6e3,328
bf72590547,481
31250cef62,656
a70b2204f0,650
e2a70ffdf6,891
c256f6e713,634
e1cb177740,619
f8b721f632,699
90704ffe69,590
3f2865df45,242
fa9b3f2aa9,832
3687839ecc,767
66cfa202e5,508
9e426ec524,766
0f9b1dbc3f,330
b342a4959d,573
25a9f40814,637
fc4c223773,445
a69586db4e,569
e9f4d6f927,419
20a4dad0c1,595
8ca104baef,297
b690abdc09,419
9db11d4414,683
2787bfe603,832
6f5c2712b1,668
668b41c03e,659
ea1a6e1b33,666
13adf02399,674
444dcc147b,246
ee7ff3b2fe,494
df47f2e681,505
e639615636,743
38ed2aa7cb,597
2a49169951,511
b67c735ff6,653
9678fb935e,538
84e540208f,537
7ba58ee1be,378
83558aa4b8,527
9a4b15919d,259
ceca04aa2a,445
6a1fe1a81e,836
bc79fe1a3a,380
e5df7166bc,533
5c8ce5869b,454
e9d39cddd7,476
02d40993ab,610
114397189f,556
de39c2b892,463
19902af6bd,578
376e55e566,657
6cf284fb9e,600
7972b70832,767
68d9f77646,646
4d7b42314d,394
ea54256d21,566
397f00cf61,524
17dde2138e,649
95af8ca744,524
6252a820da,479
1770691c51,813
dc4a1c9a30,275
ba2a5fbf4c,602
b6bbd06618,536
1414606ab4,542
fc13dabcbb,585
ec10996820,363
ddcb457a07,681
340c808130,660
008a50a2ec,524
63bed65d65,485
e39ded223d,353
2bca4fe522,709
0faaf196b4,450
486ae46ba0,632
3a3e1e824d,731
481ed855f2,551
c82dabf9b1,756
17113fd0bd,689
5e58ed4adb,344
1621c14879,585
8457263314,671
b8a9602e21,527
23e5717c0f,481
57293a65d5,554
97a10a3ba0,388
67dfa4bcf5,340
0bed5f2ace,460
2da763222e,655
8ae916bb5c,404
6272ae54bc,386
e1009fa370,451
08f3346b8a,307
ed7251fc01,125
1ac4fd8022,835
8e280f2c87,515
4f6328bf93,637
4b9862566c,271
f0228a88de,701
131ca4b83d,603
87afd4b1ca,668
90990cd2ba,492
d80ead8703,387
4b15912a41,649
8555cb627a,473
1f33387a8e,778
7f9f13c0d0,500
6306dd3a8e,805
05d9351a35,304
7576a8a091,454
7277ef5fef,556
befdfcbe5b,655
a6a3383416,537
211dca3b80,545
ec212b3d2d,342
5fabfdc0b6,565
09541ce79b,593
09ee5831f4,235
25f532d7cc,472
c313a1ad7d,754
6636021b35,310
93a8901635,431
f19b7d20bb,451
d916ac7864,243
97e78a5448,694
c6612326fa,308
2775c5f447,768
6a6ebb2255,649
b4e23ae450,441
3c3e74faf6,727
56a4e5c1e5,274
903206854b,471
869f99406d,632
084d3ed9c8,317
387b6956c4,355
7a6d32bcae,300
6c8ad32f36,551
51acfd1399,596
26281da345,527
9895f188e8,457
680ce5b666,281
9f459445b6,359
0b73b427d1,475
bd4f797d33,313
fff6522bd1,431
bfcd0fb5ac,276
f6576d4cbe,479
af6fe9a9c8,540
b70f0ab0c2,514
9347c39706,924
30cc3d3982,799
a163126d96,617
9ba564058f,440
c673bebe29,556
c59e5f46c0,242
fdd73141d6,539
99d7f0c538,500
1ca865b041,791
cbbf379ef8,464
30cb1002fb,527
27f923aac9,717
e6e3e58c43,448
2993a272be,442
83645a3b6f,452
5d7424eab2,282
3b5e9c6e05,441
c7c3a8a806,532
bcbe3c0ee2,419
8cbefc189e,383
18f3626b0f,430
cadfbf8011,546
7140b36ff6,396
5b3b86341f,213
9fff0319cd,490
8f07ef8585,463
3a690dbd1b,354
78c50b3977,812
7aa7e1b355,498
891fa63295,769
7d41b0a6e1,427
ab7d09443f,514
a3079aded1,489
3598c246d7,477
88839f49f9,618
c56524ded9,316
9718102ef6,209
1b71d67404,424
b28aeb78e0,416
52e7de7430,367
e1bd09e50b,427
ad76d4cd21,282
911efbb175,231
8686b3a5d4,715
0c376f6728,366
b07fc3b87c,356
ebcd41b5f1,502
eeecc7ab39,499
e2dd6ebd6b,247
f2e9faa785,512
b095375d19,179
5b217529e7,446
774ee8afcf,484
5a6fa22207,382
c8adc706f5,516
740d34befe,602
24bf79cd1e,453
dd580d1681,765
500d909b87,702
feadf0e85d,462
c1f92fd149,220
8dc946b34d,449
b833fdb882,314
94551e800f,787
060f14fcee,480
b6804bfa43,772
9382a047a8,474
5970137a1e,540
d553c91194,445
8b0d0b0633,720
8c38199b15,680
48d34846d7,516
66c603a013,606
6ecba60505,752
f7ff576dc4,542
a12d2c10a9,289
a701844e9a,480
5378360450,466
65e01bd65f,464
87c6bf0012,685
aa1cd9fb71,319
70a32506ab,118
6ef46555e2,385
fad11bf2fa,371
f122ead5f2,513
69098163e1,432
c4ee594685,296
7a095f0b21,315
ff238df1c4,700
a1dae195e7,435
d2b40a2781,587
71f724c7ef,584
578aefa47e,835
921b60e76d,215
b521c9ddf3,609
7d8e29261b,433
60a0ca8d0e,581
0a41de5e3b,449
3862950849,481
75d0e44b1c,499
182bfc6862,363
180d2ec2cc,578
c1431cfade,480
a0729c7a02,490
e358121d19,371
a7fa6dd049,282
30307d5103,444
505483d249,573
82a285227e,689
c98504a8ab,484
af296d1c0a,678
b39fe87a25,789
bf76c8aff3,733
824152cf1c,292
20349d0a12,367
c80f09bee6,546
baac3469ae,491
7b815ae7fb,569
9090f8f97b,253
fbfa863bd4,374
7f0e67d5ec,161
ebe8198105,638
4fdc882e4b,955
857e511397,714
a685e6f87e,565
d3c9529867,773
e366f9d62b,290
eb91416afe,397
0061281eea,549
f409d55fee,780
8a55cca47a,645
b15313d4e8,844
31b003483c,612
40a7f422e2,623
ebdef67fa5,663
3a5e5f4202,198
90b1a59d1b,710
5f8370ed60,570
c33e3a20a4,668
919157e393,652
c8bd99cbb0,448
33dfce3a76,780
a7254b3aa6,820
7e5cdca0b7,502
4630209118,702
a5005ea567,315
9e8e175c01,217
9ca520f895,784
2f4fb95bb7,331
0e16439e05,541
29162a3471,683
f454efbd20,655
7e68df3981,792
9f0c9f3b90,645
23c72b10cb,704
f599fad413,372
8824cdcbf0,394
d465b396f2,509
b7c462dd1c,707
a6625b8937,944
ca82310ee1,500
f463f6b15b,697
c5493cc7b0,654
f8ca1f5c5a,598
103713e20d,718
186d861771,578
631dacfc0f,566
20b11dcfb8,611
9eaf536a63,828
03c9b5ffe8,819
87cf2c6542,670
1a0996a817,487
bf294b9661,533
3b9586e2ff,361
24cb80b5da,467
7fa6578978,670
6a1fd3c67e,640
ed761ad8ef,806
2a26fb616b,693
c61e0f2507,764
8978bc57b7,390
0e53e6294a,537
2eca5f70b1,406
8fd4178b11,753
5f1df5e4a8,385
38438eab6c,428
dc7c506beb,927
8945b8916d,414
93b51f6335,566
725a0ae373,264
86365721e2,480
27c4850501,721
66cd32da94,630
3c10a71f62,328
54a3636ba6,704
b9fb7882a0,248
4ed2467e7c,684
0b9cb1205a,437
10a1a5b78f,526
edd5fc6648,287
263bd9dfd6,370
5691530ff4,615
d56050d3ab,326
91823ecb1f,758
b6520147bb,588
d69c382be5,676
2ecb2b0797,390
834861f1b6,461
ef060b82b1,823
c356f76804,638
70d9a282d1,733
878566ab56,129
b40844d201,259
78be8270bb,284
3358462c1b,542
1435d5602c,712
e843caea8f,260
858f01d368,698
5dfa4cfa2d,590
020678ec1b,174
7f2694ca3f,425
2f746f8726,297
8e93b66386,185
10aa115164,657
9f7e064e9f,805
04cd9599a3,480
3734601c15,461
c29c36a1e8,432
40bb5a9cbe,432
d68c08baec,241
5f98029612,193
19cc342b91,344
5d600057f5,310
d9044ee3c6,843
565d2342f2,214
7b5d5d40fe,362
3c1097c378,286
b4b225aaa8,502
1b6919f87c,655
ccdd1c542f,488
766784f810,403
1c41821d13,499
dfa4d727b8,710
4d341171a4,348
3975043a11,730
ba705c8398,690
aa21ba676c,542
488f5f133e,397
66eeb09788,266
4ce60abe5f,807
bdb9ba462f,382
aae8971d6e,231
0f7aa746d6,314
8c8c2012e7,479
5ffd928d1e,389
a826e5e6e5,781
b9fd9429e3,516
182ea1798b,268
fbcd92f03f,417
7e138bf911,593
9f96821d81,600
9daa6c133f,942
10e835f9ab,614
8e3228d793,658
53c79255ba,622
a7bc02b7d4,487
bc3156b1e4,67
c9f7f4020f,378
9e966d733c,201
1037da2ff7,539
38c0d9ca8e,394
4ad2ddacfc,615
085e7a048e,270
6457057cec,675
6c793e5879,174
91bfe61493,475
a33ef5ed68,646
90b14e3f04,391
6dfaae4996,424
c576ef893a,298
176ad39bc7,224
8b0478ed02,750
380ff30e30,892
d9457c3b1c,567
46b424e067,555
d0aeb260e8,832
fb9b58527c,716
8d9314a9f4,846
6af48dfcdd,322
6e86fed535,530
06d21d76c4,82
a5eedd418a,178
a15eff2958,782
7de09d894b,297
a54d582262,670
06d3201dd0,510
42c563d895,505
df3a1c2d7b,528
2fa889172a,626
4a39459597,373
1a1b0c1549,464
d2b77b255b,589
67bc6ac1f4,769
ad6fe18943,534
aff87f7ba7,478
528cb6678c,329
fea1ff8505,608
b33b1f9db6,441
66b4280f4e,572
7074e402ca,384
1a8c4fd6ea,707
7beceb5850,625
7738fbabca,785
0ec68b2e42,635
5ecf1f5cb4,273
70e5bd9d27,709
fd5c3c20d6,659
e69330b40a,368
fc87224914,245
e37b8208fa,509
a56ff4758a,665
b052410a6a,673
f57e741b5b,618
6d593a19d1,436
94c94ee7b6,650
d7215eb198,793
809ce44053,242
885c2a90f5,533
b63b23fdc9,194
64baad8029,791
d3c3988e54,315
ade746d346,681
c5a9c13a77,638
3fc4d6b6ed,671
180f0a1854,320
bfbb9b9149,802
1821c518da,674
8c4ac14f53,524
be1f425eac,397
7e78a47cee,378
b5448cb40a,676
1c3397d0ef,389
d61250af0c,857
296a04bc06,423
12c92c9f70,620
190ea39ec4,783
ed2b73840d,359
f0e7e06354,215
0389fc6012,391
f083e6692d,419
5559e0ceab,584
4079c73376,237
136af05158,424
f6a89b6f89,590
d12d5894b8,716
27e12cbcea,735
c45c9617bf,764
e1280ddc3c,588
02adf272e9,497
407bd44d31,712
17a8b7e7f3,545
2b55bdbda1,361
bf00a0ab71,582
8b4189c2a4,222
a89fc2586a,429
c02071548b,252
8c1db0fc39,819
809cb34e8d,615
65ef110246,891
30e5cfec08,624
548887f17d,525
3ce41108fe,360
2a9190ed84,393
28df927e87,340
28f6f52c8f,317
1fba03699e,183
571e63d0bc,785
bf05a52a6b,392
5aee63c515,611
981f73e811,429
418a13df5c,539
ffb2ad3f94,715
9704b1ba61,720
84eb2c400b,294
775bc235d0,526
c66a9ea31d,555
6460ce2df7,746
66891ec970,817
9bf022776e,732
7cbfebdf9d,432
17bb0d4b3e,816
b6c52b4a53,685
fee35c9fa9,496
51ede1c702,400
28d42de29f,512
4fbda008c7,332
3d781526c2,596
1d9f4e875a,740
3d4bc58424,674
be9ce6a9d7,294
c7ab9848b9,338
c023a62b96,819
4a8d55bdf5,720
61321814ce,616
d17eee846e,605
85e6b4cb1c,374
81fa3d59b8,857
08993551ae,719
69cddf572c,503
bb2160921c,191
ddd3099877,557
1c9fa3dff4,691
45f292bb41,491
285f4b2e82,824
d606f4a578,268
f4638e7428,257
e6ac2a35cd,506
087192e2ec,797
1ebc029ba0,618
ebf89446f2,392
ff9b7d0d2e,332
f7dc2b2c9a,834
cb2c20898a,798
1c20fc4477,239
1b073494ab,624
a3bea8f266,507
6a105e7555,303
3dae882971,706
f5a92d1356,346
d468d401ab,408
ef03d3e2fa,273
efc705478f,498
a291ef5d83,728
bf71bff284,711
a141ed0c99,447
37c95ff7df,673
86a772adb1,388
fb1e8578cf,580
7361f4e5bc,448
6b0688f33f,444
df8d9625c0,342
4f62a5bb14,500
7a0f1e9b45,687
d369e6b550,434
6397715bb4,439
a038a2d781,389
aabb4516d1,561
225ae42209,421
77420e5628,276
8bf499cb0c,605
761eaf3fa4,495
f3fd020f27,703
fb14beb69f,475
628ab35fe8,567
1befe1ba44,420
84b5568c2a,557
26a76b910c,443
0c089f7c1b,410
f9629f4e29,386
dc4bf302e8,273
8d4ba8fd28,540
003c477d7c,673
7019c22c5e,737
e89272a29b,488
881bfee759,821
01c033e116,494
fbf73cb975,440
f1e4acdd7b,304
7a25e51377,729
d70a2f1f23,270
e278cee272,765
3794cd4d73,456
d8b1bbbfdf,531
a35792b156,276
24c102ca1f,292
eac3fb300e,248
18fc51d517,669
cb2acfd639,749
74d53a0d53,369
16cebad726,476
e3e1afe993,500
5f43816c42,649
cfdc385955,348
32f1039c61,845
14da113475,618
14c16f99d5,415
1ac058f0a4,525
b8236d92ff,236
90c62cd13b,648
43ec939286,283
1268fbf8c2,495
ec649a86b2,484
5203d6e046,379
56d6d999b8,597
c89eda8701,838
8138c79081,676
9067effd34,870
6a7506aa1e,378
51d1696054,687
1bd1c8c771,441
a245c6d001,849
5f51a19f9e,759
4ebed82264,302
bf73cacab5,427
96216dae3b,166
77c071c12d,849
14a89a1840,343
4d4adc5623,690
fa2ebd1083,289
7187f4c02c,207
942d3bfbf3,736
0ad38c8f25,623
930dcd571a,487
ff89e5e3cd,340
7f2642a14a,770
01323211a0,577
f5c25276d2,503
c137712b61,514
6074c5b0bf,445
5c51c23a7b,276
35b34a9da1,785
91bb8b5dbb,608
3662fffe30,829
b5893fc541,578
62715133c5,509
5e09ef27a6,543
85670a7093,779
67a8e23baa,434
fb903c3b68,646
ff532274cd,380
3685aa0e78,418
a2bce9d94a,346
6ac91c75fc,483
69ee613976,515
fa56377e58,350
519cc2a871,195
a9ab1afe01,256
fccf774196,809
55a49950a0,547
fb17f161d1,245
126f253739,725
1c6237ae58,419
d21e3d7843,442
739a9ab34a,435
1fec8e839a,829
01b5362cce,477
7547289453,382
aba57f0f2c,793
25e4b6fd77,309
ea1270a8b2,396
276807c93b,291
d3034e7a60,300
2388b3eb40,685
bbb762835a,396
77c695369e,457
93b8ec180f,559
7145f7e956,647
d71e91efc0,453
2f00b33427,260
9cb42834b3,359
cc70a60681,505
b1be1fa682,95
6994342067,503
aa791ce59a,648
6138f82415,467
b890b261a0,728
1a67b08604,200
fcce81906d,659
762c7d7084,685
b202b6b3d4,511
08c2070b20,504
8718d851c6,416
174b478747,606
253eb71c3d,654
b7c1e2a377,524
a98ab1c549,610
2a5805ad13,145
821e0217f0,673
57904adf94,583
cced2adf43,459
b7ec14f5e4,546
30badffdd5,685
6ed0ef14db,763
9ca11c3696,696
31683f8a18,747
88a5c49514,948
05a61e5799,167
93c7358e41,378
2e7921981a,438
ef13247eed,718
974f5b6876,678
5e350fa662,441
0dcf4a11a6,194
e8b730fe92,343
1664b6a6d5,214
9126bbe228,609
ec61b48efb,771
d145884178,552
325cde4fa9,834
9f4001d8ea,324
4bb8260218,94
444c32935c,807
5ec4b8eff9,705
eb38db5443,442
6010b9b84d,142
31a4341eb6,754
6c0a545d06,538
6576184a08,370
518ee8cf52,545
ec9ba7900d,584
13f3daf89f,776
36f332bd11,530
a4fb7072d6,637
c32752c00f,378
608567ed23,325
41e2137184,223
bbb5279a06,782
25db231ea0,581
b28690f7ad,746
3bf70b71cd,537
7f0ee9c30a,791
690281a93d,583
99ee31b5bc,241
9b585a2ea0,743
54cb8bdbe2,277
3df62de11d,552
71f7425387,944
6eeeda7f4a,477
db819c45e5,628
fa752c35ca,300
9bf8a38b92,632
f2fcceee25,731
4d2ede6b7a,665
853e89d0d3,629
54e2419450,725
341f6694f1,620
11518835a4,644
5423d6049c,721
33159fbb9b,620
9f97b2925e,669
d1857e0577,500
a66c03c236,456
cbad345488,446
c74ef130f0,621
9befc65890,731
cfb8e5c36e,631
c23090da64,376
8f16b2685d,519
90720e8172,742
e3349e2125,465
d90473fc86,487
23cdfc53fe,541
098c5f3e75,457
82c316179b,461
f6009f764c,811
e51e614146,734
2bc179b78c,318
fd423b9cbf,444
66ced55b7d,455
d0d908374e,717
53485dc0d9,721
17c5d2464c,528
3b5c0e9308,376
964be849b0,446
937ea43a65,343
916aff36ae,946
38178b0ded,499
7568a9474e,210
886dc2e534,357
e799fcac15,783
157b2aa3e0,317
ed20d93bfd,769
415eb5b72c,558
c1190c9c37,345
46bec86213,455
e2d3957c95,579
56f4bcc716,662
3ce657b8f7,207
d62ad254c6,493
89165071a4,807
f20521b7f5,521
c8ce151a18,845
fc8f0668fb,384
0fc5ad7e3b,959
f5b2861c9b,672
00950d1627,922
a042e73fee,367
a3de137406,529
5677f991b7,317
c00c4b8814,470
81d37cb5fd,321
2886e27fb6,588
fdff017e77,382
1401f04c4b,743
455c8febce,509
76d080ed6f,494
6d8a8e2e6d,554
f1b1f57aee,421
5bf5d82829,396
cabe5c94b2,304
d7f7a9f48a,511
362cec7849,689
106e4043ba,760
3004f41177,313
43001d32e7,401
a8ef242dfd,568
a5299290bb,620
923473085f,707
a21ae8cb6b,798
ca0d3ea2f5,637
8a1aed2c83,396
a10b932fb3,385
67db09fda5,426
1f3299c2ba,601
5081bad441,554
3d99801810,548
febd1d2a67,211
d2522cfc93,386
cf1ffe14e0,692
a659530342,609
b6604d4bd6,506
76b4df03dd,564
63d3cf63be,458
0fb7b2772a,942
403cb8f4b3,661
790f497dc8,845
4ad8a63538,82
770af4e501,879
4b72e35b8b,235
58d177c0d0,349
a50ac7d1e2,513
963189b39c,722
728917ca07,592
1cb4733828,522
b964244dfd,335
d7e6e1323a,730
4ef0559016,700
fbf64b5ea0,809
3531c9193f,405
939c88a964,658
abe74273c8,512
7b4ccb8113,794
d7506a6a38,757
6edb010212,316
3371d166f0,271
114daa1bed,541
029c321179,675
581e7f38d7,682
8343ad9ed8,563
3a068284ed,431
cc97e87765,671
9874f75819,507
a32b0d0cd7,510
0b9981aba1,59
495e5d8dc0,553
6e72c79c29,414
9b9c107a62,661
9eb4a10b98,581
eeef52be31,785
4ed12ec89a,526
5c28eec331,351
a7a124fff5,825
28ca5ff16f,278
65cb9cbc05,619
bfa7ee102e,844
6caec01e67,379
5edca1bb89,368
675cab373f,645
ae51614513,624
b393a57640,383
0f613bd191,241
c33df3d7ad,648
edea91429d,649
93a1541218,294
a12cbb17e5,247
89dba191b1,567
8f7b7b9980,478
dd87f1a21f,702
0df53ae04c,373
1075fa3200,578
44ac5b2526,464
42b9ff31aa,504
ac7df612ff,614
d97f94a2dd,659
88a4200cec,728
5fe333fd26,764
640ceb328a,612
2f917b1124,566
df344e0599,721
3cd4d01b7d,605
071d5aa17f,360
8c232a1cf8,735
ad5454050e,397
71f6fcb48a,848
29ea4f92c3,526
f8921580bb,543
f288e998f5,835
707f14c59a,790
0f762f2746,427
0ece337a15,356
b71915a0fe,288
92c91d1494,798
537f18bd97,501
8023f35b58,199
c026a17632,588
c5327d784b,677
b448f0fae6,467
041925f04c,580
b6aa5c7ab4,117
168f625d62,741
dcbb6474ee,629
34bfcfa11b,367
40fbc03558,419
1d9bc2591e,594
0f9beb1453,547
7f5a72fa2c,613
cba568b15f,526
c5745e04ff,89
36bc8044f8,674
a2da67afff,436
9693c84080,434
b6bca345bb,610
ac1ea6faa4,635
8d08955cdf,752
1a72cc3d3e,632
ccfb270edb,503
4ee5d2c629,421
553733b17b,442
debe560cfb,504
fbf380831b,468
d6e2bb1586,389
9031ddc924,404
da0f021c5b,481
f59821d067,305
2bd913a165,240
f52c144f24,391
8201005b79,440
54842b574a,685
0829b44678,801
a4e5b9902b,345
870be46a42,336
f4feed1635,679
b7b83447c4,87
25bd98aec3,447
730eee262c,362
d6cba9f9de,528
c571804a93,566
4e3ccf37ee,643
b5b767492b,676
4b9b8c2e44,557
ce06c157c1,214
923249032c,466
ae2ef70d51,818
729c382e20,457
6edba13f1b,675
d9e45a7fab,554
7a2eebff84,772
8f39d964c3,571
1739b1634d,496
fb81781b44,727
93f7759d52,464
18d013fced,520
e099e54eee,458
a4c734f1a8,224
429bf7c665,727
174ebb49df,441
a94450f57e,337
c98dfd50ba,558
d21012f5c1,595
d47c78058a,524
a72f220de9,470
748f8f4106,302
a913c2fc19,420
de7202d286,518
a87eb66a65,794
5448c46aac,288
c9a1fd48f6,738
df8caa8bdf,318
6fc88fcbed,483
527c3abd5f,408
bb63bcb48a,319
c4ed7cdb1c,540
be90ab3e56,407
f2598805e6,703
26382e2d1f,552
7576015468,217
7b596fc561,329
800daf6ac1,457
74f00bb214,743
f3ee165cd0,510
b354751edd,706
c2485cb6c3,605
0c600207b1,690
3c2f5ba174,537
2bfa664017,288
c4b4099179,270
d0e8c9833f,686
7af5b00299,590
9ea0525027,142
9053aa6508,175
894b9ae774,848
48940ae0b0,608
9f2e5a8c24,753
e6caf5eb81,277
94e7558e32,441
fd63516ff4,651
15d76f1672,494
96aeb8d018,336
2f2e86de0b,671
00a3af90ab,531
8116fa64d4,399
66cd349922,607
92d9025a37,888
f9d03271d6,585
3cd0ce6e18,132
c6648ea2ca,811
9146f2afd1,573
8db0a68a4c,239
0497f2d447,482
7bfd026d91,585
e27400528c,498
05c33e6854,661
776d123d8d,180
e44dcaeb74,143
6dba47cc58,692
9b80cf8992,586
d268ae57b5,434
a7b1f4bae1,203
8919be1266,519
ce16b0d0bc,333
f28b483859,814
b9a7c521ac,811
cd2046479c,302
84e305da04,502
4ac19fb269,306
ec5db065d9,512
c42d63b0e6,430
9fe707f837,719
d4acb30303,444
3e87545802,754
cef03959d8,221
ab82b9e44e,583
dae1555fbf,707
cfcffeda9e,671
2f493f72ff,541
457d5edb4c,439
96cc5caec0,857
5ee2d40bbb,385
46dd77ede5,217
b8ee1d8dbd,181
66cf41c563,577
1dbc694c5d,532
b76760a4a1,532
db9bb00470,848
1724889841,424
e101b9a0ec,793
5108785aaf,373
dcca0c8297,428
146ec37657,497
423800be38,687
0f19680b4d,540
abbfb56731,555
feb90d8376,397
b2958f2747,821
963210b127,421
aeb36c1964,515
547c9d83fd,206
d30ad7d936,303
b6ebc3831e,155
29beb70925,680
7134e4acac,761
53e17edd83,738
dd11ae96e3,753
3072ae3119,780
23e1bb3ee8,484
2b1e71c2a3,684
a4932322ce,546
d5afcea9a2,461
361d5e6834,687
0deadce8f1,478
9539d280a6,570
0f02cec809,453
30491b379f,796
a2a012f128,157
5d07e84138,489
de261976e6,652
4f02bab289,335
6957579961,640
2444e83809,696
b240582de8,430
eb23ddad08,583
2101c21f75,513
7ec803b58a,590
22fdf96a54,631
c0cbdabcc3,696
e2810cc777,810
e12cd094a6,758
49336bb17b,385
ba045610d1,398
97adf32d4d,590
a5d188bbd7,647
5c0cde01b7,727
6c40978ddf,393
1e5e713964,567
289af097b0,284
67d3486ac8,171
32887c2719,374
c09f4e95e8,635
b91a91adc5,414
97a653e83c,301
a3e89a273d,663
843f9892ef,408
accb644c9e,440
0eb52aa52a,659
4776354474,257
08640ede7a,723
4f105993c5,493
9dde6475f9,370
e185ab5dc1,687
38063f77a8,833
429b289e07,562
5a02df7676,564
ad2fa649f7,858
e9ce8188b9,740
8c916f9cb5,691
efe3043924,250
81c77c1b6c,386
a6ba9b9f91,651
83967f4314,829
03a9a9f615,582
1751290ca2,737
af171a3570,356
a562619124,179
d0eb51a04f,398
fbc98aedc0,208
9511856b03,427
0108518d1e,424
c78996aa02,266
f7e8060b57,724
fb47e8e74e,757
4c43d99f68,184
93196366e1,621
16207869ba,359
44d745a704,307
84e23dba29,576
8329ec9395,625
7e7276d088,491
0e63d9a8b4,515
919bc0e2ba,352
0530b67189,437
c7f54785b8,297
158765ed16,330
e8d8b35601,637
a7cfa30d35,843
30082e87d9,630
ac931ace49,141
cb36193e2f,648
caa039b231,602
48d81e93d9,221
